Workbook

Sheet ATM_Cash
A1: Date | B1: ATM_ID | C1: Country_Code | D1: Country_Name | E1: Cassette_1 | F1: Cassette_2 | G1: Cassette_3 | H1: Denomination | I1: C1_Notes | J1: C2_Notes | K1: C3_Notes | L1: Cash_In | M1: Cash _Out
A2: 46024 | B2: ATMNY001 | C2: =MID(B2,4,2) -> NY | D2: =VLOOKUP(C2,Country!A1:C5,2) -> America | E2: 500 | F2: 200 | G2: 100 | H2: 1 | I2: =E2*H2 -> 500 | J2: =F2*H2 -> 200 | K2: =G2*H2 -> 100 | L2: =I2+J2+K2 -> 800 | M2: 800
A3: 46025 | B3: ATMUK002 | C3: =MID(B3,4,2) -> UK | D3: =VLOOKUP(C3,Country!A2:B5,2) -> United Kingdom | E3: 100 | F3: 50 | G3: 0 | H3: 5 | I3: =E3*H3 -> 500 | J3: =F3*H3 -> 250 | K3: =G3*H3 -> 0 | L3: =I3+J3+K3 -> 750 | M3: 700
A4: 46026 | B4: ATMHY003 | C4: =MID(B4,4,2) -> HY | D4: =VLOOKUP(C4,Country!A3:C7,2) -> Hyderabad | E4: 1000 | F4: 1500 | G4: 100 | H4: 10 | I4: =E4*H4 -> 10000 | J4: =F4*H4 -> 15000 | K4: =G4*H4 -> 1000 | L4: =I4+J4+K4 -> 26000 | M4: 27000
A5: 46027 | B5: ATMAU004 | C5: =MID(B5,4,2) -> AU | D5: =VLOOKUP(C5,Country!A2:B5,2) -> Australia | E5: 500 | F5: 1000 | G5: 200 | H5: 20 | I5: =E5*H5 -> 10000 | J5: =F5*H5 -> 20000 | K5: =G5*H5 -> 4000 | L5: =I5+J5+K5 -> 34000 | M5: 32000
A6: 46028 | B6: ATMHY005 | C6: =MID(B6,4,2) -> HY | D6: =VLOOKUP(C6,Country!A$2:B$5,2) -> Hyderabad | E6: 200 | F6: 100 | G6: 1000 | H6: 50 | I6: =E6*H6 -> 10000 | J6: =F6*H6 -> 5000 | K6: =G6*H6 -> 50000 | L6: =I6+J6+K6 -> 65000 | M6: 65000
A7: 46029 | B7: ATMNY006 | C7: =MID(B7,4,2) -> NY | D7: =VLOOKUP(C7,Country!A$2:B$5,2) -> America | E7: 5000 | F7: 2000 | G7: 0 | H7: 5 | I7: =E7*H7 -> 25000 | J7: =F7*H7 -> 10000 | K7: =G7*H7 -> 0 | L7: =I7+J7+K7 -> 35000 | M7: 36000
A8: 46030 | B8: ATMHY007 | C8: =MID(B8,4,2) -> HY | D8: =VLOOKUP(C8,Country!A$2:B$5,2) -> Hyderabad | E8: 0 | F8: 500 | G8: 100 | H8: 1 | I8: =E8*H8 -> 0 | J8: =F8*H8 -> 500 | K8: =G8*H8 -> 100 | L8: =I8+J8+K8 -> 600 | M8: 500
A9: 46031 | B9: ATMUK008 | C9: =MID(B9,4,2) -> UK | D9: =VLOOKUP(C9,Country!A$2:B$5,2) -> United Kingdom | E9: 500 | F9: 2000 | G9: 1000 | H9: 10 | I9: =E9*H9 -> 5000 | J9: =F9*H9 -> 20000 | K9: =G9*H9 -> 10000 | L9: =I9+J9+K9 -> 35000 | M9: 35000
A10: 46032 | B10: ATMAU009 | C10: =MID(B10,4,2) -> AU | D10: =VLOOKUP(C10,Country!A$2:B$5,2) -> Australia | E10: 1000 | F10: 50 | G10: 100 | H10: 20 | I10: =E10*H10 -> 20000 | J10: =F10*H10 -> 1000 | K10: =G10*H10 -> 2000 | L10: =I10+J10+K10 -> 23000 | M10: 21000
A11: 46033 | B11: ATMHY010 | C11: =MID(B11,4,2) -> HY | D11: =VLOOKUP(C11,Country!A$2:B$5,2) -> Hyderabad | E11: 1200 | F11: 1000 | G11: 2000 | H11: 50 | I11: =E11*H11 -> 60000 | J11: =F11*H11 -> 50000 | K11: =G11*H11 -> 100000 | L11: =I11+J11+K11 -> 210000 | M11: 210000
A12: 46034 | B12: ATMUK011 | C12: =MID(B12,4,2) -> UK | D12: =VLOOKUP(C12,Country!A$2:B$5,2) -> United Kingdom | E12: 100 | F12: 0 | G12: 5000 | H12: 1 | I12: =E12*H12 -> 100 | J12: =F12*H12 -> 0 | K12: =G12*H12 -> 5000 | L12: =I12+J12+K12 -> 5100 | M12: 5000
A13: 46035 | B13: ATMAU012 | C13: =MID(B13,4,2) -> AU | D13: =VLOOKUP(C13,Country!A$2:B$5,2) -> Australia | E13: 50 | F13: 100 | G13: 2000 | H13: 1 | I13: =E13*H13 -> 50 | J13: =F13*H13 -> 100 | K13: =G13*H13 -> 2000 | L13: =I13+J13+K13 -> 2150 | M13: 2250
A14: 46036 | B14: ATMHY013 | C14: =MID(B14,4,2) -> HY | D14: =VLOOKUP(C14,Country!A$2:B$5,2) -> Hyderabad | E14: 5000 | F14: 1000 | G14: 100 | H14: 5 | I14: =E14*H14 -> 25000 | J14: =F14*H14 -> 5000 | K14: =G14*H14 -> 500 | L14: =I14+J14+K14 -> 30500 | M14: 31500
A15: 46037 | B15: ATMNY014 | C15: =MID(B15,4,2) -> NY | D15: =VLOOKUP(C15,Country!A$2:B$5,2) -> America | E15: 2000 | F15: 100 | G15: 10 | H15: 10 | I15: =E15*H15 -> 20000 | J15: =F15*H15 -> 1000 | K15: =G15*H15 -> 100 | L15: =I15+J15+K15 -> 21100 | M15: 20000
A16: 46038 | B16: ATMUK015 | C16: =MID(B16,4,2) -> UK | D16: =VLOOKUP(C16,Country!A$2:B$5,2) -> United Kingdom | E16: 1000 | F16: 500 | G16: 20 | H16: 5 | I16: =E16*H16 -> 5000 | J16: =F16*H16 -> 2500 | K16: =G16*H16 -> 100 | L16: =I16+J16+K16 -> 7600 | M16: 7500
A17: 46039 | B17: ATMAU016 | C17: =MID(B17,4,2) -> AU | D17: =VLOOKUP(C17,Country!A$2:B$5,2) -> Australia | E17: 2000 | F17: 1000 | G17: 500 | H17: 20 | I17: =E17*H17 -> 40000 | J17: =F17*H17 -> 20000 | K17: =G17*H17 -> 10000 | L17: =I17+J17+K17 -> 70000 | M17: 70000
... A20: 46042 | B20: ATMUK019 | C20: =MID(B20,4,2) -> UK | D20: =VLOOKUP(C20,Country!A$2:B$5,2) -> United Kingdom | E20: 1000 | F20: 0 | G20: 100 | H20: 5 | I20: =E20*H20 -> 5000 | J20: =F20*H20 -> 0 | K20: =G20*H20 -> 500 | L20: =I20+J20+K20 -> 5500 | M20: 5600

Sheet Country
A1: Country_Code | B1: Country_Name
A2: AU | B2: Australia
A3: HY | B3: Hyderabad
A4: NY | B4: America
A5: UK | B5: United Kingdom

Sheet ATM_Transactions
A1: Date | B1: ATM_ID | C1: Cash_In | D1: Cash _Out | E1: Jam | F1: Bills_Out | G1: Cassette_Error | H1: Low_Cash | I1: Network | J1: Net_Cash | K1: Total_Errors
A2: 46024 | B2: ATMNY001 | C2: 800 | D2: 800 | E2: 0 | F2: 0 | G2: 0 | H2: 0 | I2: 0 | J2: =C2-D2 -> 0 | K2: =SUM(E2+F2+G2+H2+I2) -> 0
A3: 46025 | B3: ATMUK002 | C3: 750 | D3: 700 | E3: 1 | F3: 0 | G3: 0 | H3: 1 | I3: 0 | J3: =C3-D3 -> 50 | K3: =SUM(E3+F3+G3+H3+I3) -> 2
A4: 46026 | B4: ATMHY003 | C4: 26000 | D4: 22000 | E4: 0 | F4: 1 | G4: 0 | H4: 0 | I4: 1 | J4: =C4-D4 -> 4000 | K4: =SUM(E4+F4+G4+H4+I4) -> 2
A5: 46027 | B5: ATMAU004 | C5: 34000 | D5: 32000 | E5: 0 | F5: 1 | G5: 0 | H5: 0 | I5: 0 | J5: =C5-D5 -> 2000 | K5: =SUM(E5+F5+G5+H5+I5) -> 1
A6: 46028 | B6: ATMHY005 | C6: 65000 | D6: 65000 | E6: 0 | F6: 0 | G6: 0 | H6: 1 | I6: 0 | J6: =C6-D6 -> 0 | K6: =SUM(E6+F6+G6+H6+I6) -> 1
A7: 46029 | B7: ATMNY006 | C7: 35000 | D7: 26000 | E7: 0 | F7: 0 | G7: 0 | H7: 0 | I7: 1 | J7: =C7-D7 -> 9000 | K7: =SUM(E7+F7+G7+H7+I7) -> 1
A8: 46030 | B8: ATMHY007 | C8: 600 | D8: 0 | E8: 1 | F8: 1 | G8: 1 | H8: 1 | I8: 1 | J8: =C8-D8 -> 600 | K8: =SUM(E8+F8+G8+H8+I8) -> 5
A9: 46031 | B9: ATMUK008 | C9: 35000 | D9: 33000 | E9: 0 | F9: 1 | G9: 1 | H9: 0 | I9: 0 | J9: =C9-D9 -> 2000 | K9: =SUM(E9+F9+G9+H9+I9) -> 2
A10: 46032 | B10: ATMAU009 | C10: 23000 | D10: 21000 | E10: 0 | F10: 1 | G10: 0 | H10: 1 | I10: 1 | J10: =C10-D10 -> 2000 | K10: =SUM(E10+F10+G10+H10+I10) -> 3
A11: 46033 | B11: ATMHY010 | C11: 210000 | D11: 210000 | E11: 0 | F11: 0 | G11: 0 | H11: 0 | I11: 0 | J11: =C11-D11 -> 0 | K11: =SUM(E11+F11+G11+H11+I11) -> 0
A12: 46034 | B12: ATMUK011 | C12: 5100 | D12: 5000 | E12: 1 | F12: 1 | G12: 0 | H12: 1 | I12: 0 | J12: =C12-D12 -> 100 | K12: =SUM(E12+F12+G12+H12+I12) -> 3
A13: 46035 | B13: ATMAU012 | C13: 2150 | D13: 2050 | E13: 0 | F13: 0 | G13: 1 | H13: 0 | I13: 1 | J13: =C13-D13 -> 100 | K13: =SUM(E13+F13+G13+H13+I13) -> 2
... A20: 46042 | B20: ATMUK019 | C20: 5500 | D20: 2500 | E20: 0 | F20: 0 | G20: 1 | H20: 0 | I20: 0 | J20: =C20-D20 -> 3000 | K20: =SUM(E20+F20+G20+H20+I20) -> 1
